,ACFL,AMCR,AMGO,AMRE,AMRO,BAOR,BAWW,BGGN,BHCO,BLBW,BLJA,BRTH,BTNW,BWWA,CACH,CARW,CEDW,CERW,CHSP,COYE,EAPH,EATO,EAWP,ETTI,FISP,GCFL,GRCA,HOWA,INBU,KEWA,LOWA,NOCA,NOPA,OVEN,PIWA,PRAW,RBGR,REVI,RWBL,SCTA,SUTA,WBNU,WEVI,WEWA,WOTH,YBCH,YTVI,YTWA
1,0,0,1,0,0,0,1,0,0,0,1,0,0,0,0,0,0,0,0,0,0,1,2,0,0,0,0,7,0,0,0,0,0,6,0,0,0,12,0,0,0,1,0,0,0,0,1,0
2,9,0,0,0,3,0,2,2,1,0,1,0,0,0,0,0,0,0,0,0,1,0,0,0,0,0,0,4,0,0,0,1,0,6,0,0,0,6,0,4,0,0,0,2,7,0,1,0
3,4,0,0,0,3,0,0,4,4,0,0,0,0,0,0,0,0,3,0,0,0,1,0,2,0,0,0,2,0,0,0,0,0,8,0,0,0,9,0,3,0,3,0,0,6,0,4,0
4,7,1,0,1,0,0,3,3,0,0,0,0,0,0,0,0,0,0,0,0,1,0,3,2,0,0,0,2,0,0,0,0,0,13,0,0,0,11,0,3,0,3,0,2,2,0,3,0
5,2,0,0,0,2,0,1,0,1,0,0,0,0,0,0,1,2,0,0,0,0,4,3,2,0,0,0,5,0,0,0,0,0,9,0,0,0,6,0,4,0,2,0,0,3,0,0,0
6,8,0,0,5,1,0,4,0,3,0,0,0,0,0,0,0,0,0,0,0,0,0,1,1,0,0,2,1,0,0,0,0,0,5,0,0,0,11,0,3,0,2,0,3,9,0,3,0
7,3,3,2,2,0,0,0,3,1,0,0,1,0,0,2,1,0,0,0,0,0,5,0,3,0,0,1,9,0,0,0,1,0,9,2,0,0,7,0,1,0,3,1,1,0,0,0,4
8,11,0,0,4,0,0,2,2,0,0,0,0,0,0,0,0,0,0,0,0,0,1,3,4,0,0,1,4,0,0,0,1,0,3,0,0,0,9,1,4,0,5,0,2,4,0,1,0
9,10,0,0,1,1,0,3,1,3,0,0,0,0,0,3,2,0,2,0,0,2,0,0,3,0,0,0,1,0,0,0,0,0,6,0,0,0,10,0,4,0,0,0,4,7,0,0,0
10,1,0,0,0,0,0,2,1,0,0,1,1,0,0,0,0,4,0,0,0,0,3,0,4,0,0,0,7,0,0,0,0,0,3,0,0,0,0,0,3,0,2,0,1,4,0,0,0
11,10,0,0,1,4,0,1,3,1,0,1,0,0,0,0,0,0,0,0,0,1,0,1,0,0,0,0,1,0,0,0,0,0,8,0,0,0,12,0,1,0,2,0,3,7,0,1,0
12,5,0,0,1,0,0,2,0,0,1,1,0,1,0,0,0,0,6,0,0,0,1,3,2,0,0,0,6,0,0,0,1,0,4,0,0,0,7,0,6,0,3,0,0,2,0,3,0
13,3,0,0,0,1,0,1,2,0,1,2,0,0,0,0,0,0,1,0,0,0,1,0,3,0,0,0,2,0,0,0,1,0,3,0,0,0,11,0,4,0,2,0,1,3,0,0,0
14,3,0,0,1,5,1,1,1,3,0,1,0,0,0,0,0,0,0,0,0,0,1,0,0,0,0,0,1,0,0,0,0,0,3,0,0,0,9,0,4,0,2,0,1,2,0,1,0
15,7,0,1,1,0,0,2,1,1,0,5,0,0,0,0,0,0,0,0,0,2,1,0,2,0,0,0,2,0,0,0,1,0,0,2,0,0,7,0,0,0,0,0,6,5,0,0,0
16,3,0,0,0,1,0,2,1,2,0,2,0,0,0,0,0,0,0,0,0,1,1,3,2,0,0,0,8,0,0,0,1,0,8,0,0,0,5,0,6,0,1,0,2,4,0,1,0
17,8,0,0,0,1,0,1,0,1,0,2,0,0,0,0,0,1,0,0,0,0,0,0,3,0,0,0,0,0,0,0,0,0,9,0,0,0,7,0,4,0,0,0,0,8,0,1,0
18,1,2,1,5,0,0,0,1,1,0,0,0,0,0,0,0,0,0,1,0,0,2,0,0,0,0,0,7,0,0,0,0,0,9,0,0,0,14,0,0,0,1,0,0,0,0,0,0
19,1,1,0,0,0,0,1,0,0,0,2,0,0,0,0,0,4,0,0,1,0,0,4,0,0,1,0,4,0,0,0,0,0,9,0,0,0,7,0,4,0,2,0,0,3,0,2,0
20,2,0,0,0,1,0,1,0,0,0,0,0,0,0,0,0,0,0,0,0,1,4,0,2,0,1,0,7,0,0,0,1,0,4,0,0,0,6,0,1,1,3,0,5,6,0,0,0
21,4,3,0,2,2,0,1,2,1,0,0,0,0,0,0,2,0,1,0,1,0,6,2,3,0,3,0,1,1,0,0,0,0,3,0,0,0,5,0,1,0,2,0,0,2,0,0,0
22,9,0,0,0,0,0,4,3,0,0,0,0,0,0,0,0,0,0,0,0,0,0,3,1,0,0,0,4,0,0,0,0,0,5,0,0,0,14,0,3,0,1,0,3,1,0,1,0
23,1,0,1,2,0,0,3,1,1,1,0,0,0,0,1,0,0,2,0,2,0,2,0,3,0,0,0,3,3,0,0,2,1,9,0,0,0,17,0,0,0,1,2,0,0,0,0,0
24,10,0,0,1,0,0,1,0,0,0,1,0,1,0,0,0,0,0,0,0,0,1,1,3,0,0,0,3,0,0,1,2,0,10,0,0,2,12,0,1,0,4,0,3,2,0,0,0
25,6,0,0,0,0,0,0,0,2,0,0,0,2,0,0,0,0,0,0,0,1,0,0,1,0,0,0,2,0,0,0,0,0,6,1,0,0,9,0,1,0,2,0,4,5,0,0,0
26,9,0,0,1,0,0,1,2,6,0,2,0,0,0,0,0,0,0,0,0,0,0,0,0,0,0,0,1,0,0,1,0,0,5,0,0,0,10,0,3,0,3,0,3,1,0,0,0
27,3,0,1,1,1,0,0,1,0,0,4,0,1,0,0,0,0,0,0,0,0,0,3,3,0,0,0,0,0,0,0,0,0,9,0,0,0,9,0,3,0,1,0,1,4,0,0,0
28,6,0,0,0,0,0,2,0,4,0,2,0,0,0,0,0,0,0,0,0,0,2,3,0,0,1,0,3,0,1,0,0,0,13,0,0,0,5,0,2,0,2,0,2,3,0,0,0
29,8,0,0,2,2,0,1,4,0,0,0,0,0,0,0,0,0,2,0,0,0,3,0,1,0,1,0,2,0,0,1,0,0,7,0,0,0,11,0,4,0,1,0,2,9,0,0,0
30,3,0,0,0,4,0,0,0,0,0,1,0,0,0,0,0,0,0,0,0,0,0,2,0,0,1,0,1,0,0,0,0,0,8,1,0,0,5,0,0,0,0,0,1,4,0,0,3
31,8,1,0,0,1,0,2,3,4,0,2,0,0,0,1,0,3,0,0,0,0,2,4,4,0,0,0,7,0,0,0,0,0,3,0,0,0,7,0,0,0,3,0,2,5,0,0,0
32,6,0,0,0,5,1,1,1,2,0,2,0,0,0,0,0,0,1,0,0,0,0,1,2,0,1,0,1,0,1,0,0,0,8,0,0,0,8,0,3,0,1,0,1,5,0,2,0
33,4,0,0,1,0,0,4,1,0,0,0,0,0,0,0,0,0,5,0,0,0,3,1,1,0,0,0,4,0,0,0,2,0,6,0,0,0,10,0,1,0,1,0,1,3,0,3,0
34,6,0,0,1,1,0,1,1,0,0,0,0,1,0,2,0,0,0,0,0,0,1,0,2,0,0,0,2,0,0,1,1,0,9,0,0,0,16,0,4,0,0,0,1,0,0,0,0
35,6,7,1,0,0,0,0,1,3,0,0,0,2,0,0,0,0,0,0,0,0,0,2,0,0,0,0,3,0,0,0,0,0,10,1,0,0,5,0,0,0,3,0,2,0,0,1,0
36,1,0,0,12,0,1,0,2,0,0,0,0,0,1,0,1,5,3,0,7,0,2,1,3,0,0,5,0,3,1,0,0,0,0,0,0,0,11,4,0,0,3,1,0,3,0,3,0
37,2,0,0,0,0,0,2,2,3,0,4,0,0,0,1,0,0,1,0,0,0,2,1,1,0,0,0,4,0,0,0,0,0,7,0,0,0,12,0,2,0,2,0,3,0,0,1,0
38,12,0,0,2,1,0,1,1,1,1,1,0,2,0,0,0,0,1,0,0,1,0,4,0,0,0,0,3,0,0,2,0,0,3,0,0,0,7,0,5,0,4,0,1,1,0,3,0
39,9,0,0,0,0,0,0,1,0,0,1,0,0,0,0,0,0,0,0,0,0,0,2,1,0,0,0,1,0,0,0,0,0,4,0,0,0,5,0,0,0,1,0,0,5,0,0,0
40,9,0,0,1,1,0,2,2,2,0,1,0,0,0,0,0,0,0,0,0,0,0,0,4,0,0,0,0,0,0,0,0,0,5,0,0,0,12,0,4,0,5,0,1,3,0,2,0
41,0,0,6,1,5,1,2,1,5,0,1,0,0,0,1,1,0,0,0,7,1,11,1,2,0,1,4,5,3,1,0,3,1,0,1,0,0,0,7,0,0,2,4,0,2,0,0,2
42,1,0,0,3,2,1,0,3,1,0,0,3,0,0,3,0,0,3,0,0,0,2,1,2,0,3,0,2,2,0,0,1,0,3,0,0,0,7,0,4,0,0,1,0,5,0,0,1
43,3,0,0,2,0,0,2,1,0,0,0,0,0,0,0,0,0,0,0,0,0,0,0,2,0,0,0,9,0,0,1,0,0,4,0,0,0,7,0,0,0,1,0,2,5,0,0,0
44,8,0,0,2,0,0,0,4,0,1,0,0,0,0,0,1,0,1,0,0,1,0,0,3,0,0,0,0,0,0,2,0,1,8,0,0,0,9,0,0,0,0,0,2,4,0,0,0
45,8,0,0,1,0,0,0,3,1,1,0,0,0,0,0,0,0,0,0,0,0,0,3,2,0,0,0,3,0,0,1,1,0,4,0,0,0,7,0,3,0,2,0,2,2,0,1,0
46,3,0,0,0,1,1,0,2,3,0,0,0,0,0,0,0,0,1,0,0,0,0,2,0,0,0,0,1,0,0,0,0,0,4,0,0,0,8,0,2,0,2,0,5,5,0,0,0
47,5,0,0,0,3,0,0,0,0,0,1,0,0,0,0,0,0,2,0,0,0,0,3,1,0,1,0,0,0,0,0,0,0,5,0,0,2,10,0,3,0,2,0,0,2,0,0,0
48,0,3,0,0,0,0,0,0,1,0,2,0,0,0,0,0,0,0,0,0,0,0,0,0,0,0,0,0,0,0,1,0,0,1,0,0,0,9,0,0,0,2,0,1,2,0,0,0
49,8,0,1,3,1,0,3,4,1,0,0,0,0,0,1,0,0,1,0,0,0,2,2,0,0,0,0,3,0,1,0,0,0,5,0,0,0,7,0,2,0,3,0,1,3,0,2,0
50,3,0,0,0,0,0,3,1,1,0,3,0,0,0,0,0,0,1,0,0,0,4,2,2,0,0,0,7,0,0,0,0,0,11,0,0,0,11,0,3,0,2,0,3,5,0,0,0
51,7,0,0,0,0,0,3,0,0,0,0,0,1,0,0,0,0,0,0,0,0,0,1,1,0,0,0,4,0,0,0,0,0,4,0,0,0,5,0,0,0,3,0,4,6,0,0,0
52,0,3,0,0,0,0,1,1,2,0,2,0,0,0,2,2,0,1,0,2,0,4,3,4,0,2,0,0,4,1,1,3,0,1,0,0,0,5,0,0,0,2,1,0,0,0,1,0
53,6,0,0,1,4,0,0,0,1,0,1,0,0,0,0,0,0,3,0,0,0,1,5,2,0,0,0,5,0,0,0,0,0,8,0,0,0,11,0,0,0,4,0,2,1,0,1,0
54,2,0,0,2,0,0,1,3,1,0,0,0,0,0,0,0,1,1,0,0,2,4,0,3,0,0,0,2,5,0,2,3,0,0,0,0,0,6,0,0,0,0,0,0,1,0,0,0
55,0,1,0,3,2,2,0,2,1,0,0,1,0,0,1,1,0,0,0,3,1,4,1,1,0,0,1,0,1,0,0,3,0,0,0,0,0,3,3,1,0,1,1,0,3,0,2,0
56,0,0,0,0,2,0,3,1,2,0,5,0,0,0,0,0,0,0,0,0,0,1,2,5,0,0,0,2,0,0,0,0,0,2,0,0,2,8,0,4,0,3,0,1,4,0,0,0
57,3,0,0,0,1,0,1,0,1,0,2,0,0,0,0,0,0,0,0,0,0,2,0,0,0,0,0,5,0,1,0,0,0,5,5,0,0,4,0,0,0,0,0,0,0,0,0,1
58,1,0,1,0,0,0,0,1,2,0,0,0,0,0,1,0,0,0,0,0,0,0,4,1,0,0,0,1,0,0,0,0,0,12,0,0,0,11,0,3,0,0,0,2,4,0,0,0
59,1,0,0,0,0,0,0,0,1,0,0,0,0,0,0,0,0,0,0,0,0,3,6,0,0,0,0,5,0,0,0,0,0,7,0,0,0,9,0,2,0,1,0,0,0,0,1,0
60,2,0,0,0,0,0,4,1,5,0,1,0,0,0,0,0,0,0,0,0,1,4,1,4,0,0,0,5,0,2,0,3,0,7,0,1,0,7,0,6,0,5,3,4,5,0,0,0
61,2,0,0,0,2,0,4,0,2,0,0,0,0,0,0,0,0,1,0,0,0,0,2,1,0,0,0,3,0,0,0,1,0,5,0,0,0,5,0,5,0,0,0,5,4,0,0,0
62,8,0,0,9,0,0,0,2,4,0,1,0,0,0,3,0,0,3,0,2,0,3,0,3,0,1,1,1,2,1,1,5,3,4,0,0,0,11,0,3,0,1,1,0,1,0,0,0
63,2,0,0,0,0,0,1,0,0,0,2,0,0,0,0,0,0,0,0,0,0,2,1,1,0,0,0,6,0,0,0,2,0,3,0,0,0,7,0,2,0,1,0,2,1,0,0,0
64,4,0,0,0,0,0,0,0,3,0,1,0,0,0,0,0,0,0,0,0,0,1,0,0,0,0,0,1,0,0,0,0,0,4,0,0,0,10,0,6,0,3,0,1,3,0,0,0
65,2,0,0,0,0,0,0,2,2,0,1,0,1,0,0,0,0,0,0,0,0,3,1,3,0,0,0,4,0,3,0,0,0,5,0,0,0,9,0,6,0,0,0,0,2,0,0,0
66,3,1,0,4,0,0,3,0,1,0,2,0,1,0,0,0,0,6,0,0,0,1,0,3,0,0,0,4,0,0,0,0,0,3,0,0,1,11,0,6,0,5,0,2,3,0,2,0
67,13,0,0,0,0,0,2,3,3,0,0,0,0,0,0,0,0,1,0,0,0,1,1,1,0,0,0,4,0,3,3,1,0,2,0,0,0,5,0,2,0,1,0,0,2,0,0,0
68,8,0,0,0,0,1,0,1,1,0,2,0,0,0,0,0,0,0,0,0,0,1,1,1,0,0,0,1,0,2,0,2,0,1,0,0,0,6,0,3,0,2,0,2,7,0,0,0
69,10,0,0,1,5,0,1,2,4,0,0,0,0,0,0,0,0,1,0,0,0,1,3,3,0,0,0,0,0,0,2,0,0,6,0,0,0,12,0,2,0,3,0,3,4,0,1,0
70,6,0,0,0,0,0,0,2,0,0,0,0,0,0,0,0,0,0,0,0,0,0,2,1,0,0,0,3,0,0,0,0,0,3,0,0,0,6,0,2,0,0,0,2,1,0,2,0
71,0,0,0,0,4,0,0,0,1,0,2,0,0,0,0,0,0,0,0,0,0,0,4,2,0,0,0,3,0,0,0,0,0,4,0,0,0,3,0,3,0,2,0,0,2,0,0,0
72,4,0,0,0,2,0,0,0,1,0,0,0,0,0,0,0,0,0,0,0,0,2,0,5,0,3,0,7,0,0,0,1,0,2,0,0,0,8,0,2,0,0,0,2,3,0,0,0
73,5,0,0,1,2,0,1,0,1,0,2,0,0,0,2,0,0,0,0,0,0,0,3,5,0,0,0,0,0,0,0,0,0,1,0,0,0,16,0,1,0,2,0,1,2,0,1,0
74,1,0,1,1,0,0,0,1,0,0,0,0,0,0,0,2,0,0,0,0,0,2,0,0,0,0,0,3,0,0,0,0,0,7,7,0,0,8,0,3,0,0,0,1,1,0,1,3
75,5,2,0,4,0,0,0,2,2,1,0,0,0,0,0,0,0,3,0,0,0,0,3,0,0,0,0,0,0,0,3,0,1,8,0,0,0,7,0,1,0,2,0,3,3,0,2,0
76,3,0,0,2,1,0,2,0,1,0,1,0,0,0,0,0,0,0,0,0,0,6,1,1,0,0,0,10,0,0,0,0,0,3,0,0,0,9,0,4,0,1,0,1,6,0,1,0
77,6,0,0,2,3,0,4,0,0,0,1,0,0,0,0,0,0,0,0,0,5,0,0,1,0,0,3,2,0,1,4,3,0,3,0,0,0,3,0,3,0,0,0,1,1,0,1,0
78,8,0,0,0,0,0,2,2,0,0,0,0,0,0,0,0,0,0,0,0,0,0,3,0,0,0,0,0,0,1,2,2,0,1,0,0,0,4,0,3,0,1,0,1,3,0,0,0
79,2,1,0,2,0,0,0,0,1,0,2,0,0,0,0,0,0,0,0,0,0,2,0,0,0,0,0,7,0,0,0,0,0,9,2,0,0,8,0,3,0,1,0,2,3,0,2,0
80,6,0,0,2,4,0,0,1,1,0,2,0,0,0,0,0,0,0,0,0,0,0,0,1,0,2,0,0,0,0,0,0,0,7,0,0,0,8,0,1,0,2,0,0,2,0,0,0
81,1,0,0,1,1,0,0,0,2,0,0,0,0,0,0,0,0,0,0,0,0,3,4,0,0,0,0,3,0,0,0,0,0,6,0,0,0,9,0,5,0,0,0,2,0,0,1,0
82,0,0,1,1,0,0,1,2,2,1,1,0,0,0,1,0,0,0,0,0,0,2,3,1,0,0,0,6,0,0,0,0,0,6,0,0,0,9,0,0,0,1,0,0,0,0,3,0
83,1,0,0,0,0,0,0,0,0,0,0,0,0,0,0,0,0,0,0,0,0,0,0,0,0,0,0,0,0,0,0,0,0,11,0,0,0,8,0,4,0,0,0,2,2,0,0,0
84,3,0,0,0,0,0,2,3,0,0,1,0,1,0,0,0,0,1,0,0,0,0,3,4,0,0,0,3,0,0,1,0,0,1,0,0,0,6,0,0,0,0,0,4,5,0,2,0
85,6,0,0,3,0,0,1,2,1,0,0,0,0,0,0,0,0,0,0,0,0,5,1,2,0,0,0,5,0,2,0,0,0,11,0,0,0,8,0,5,0,0,0,5,6,0,2,0
86,12,0,0,4,1,0,3,2,1,0,0,0,0,0,0,1,0,4,0,0,0,1,1,1,0,1,0,4,0,2,0,1,0,4,0,0,1,11,0,5,0,2,0,8,5,0,0,0
87,13,0,0,1,0,0,4,1,3,0,0,0,0,0,0,0,0,0,0,0,0,2,3,0,0,0,0,3,0,1,0,0,0,2,0,0,0,7,0,2,0,1,0,3,5,0,1,0
88,10,0,0,0,1,1,0,0,1,0,0,0,0,0,0,0,6,0,0,0,0,1,0,0,0,0,0,4,0,2,0,0,0,10,0,0,0,3,0,4,0,2,0,3,2,0,0,0
89,9,0,0,0,0,0,3,1,1,0,1,0,0,0,0,0,0,0,0,0,0,0,0,2,0,0,0,3,0,1,0,0,0,6,0,0,0,11,0,5,0,1,0,1,6,0,0,0
90,11,0,0,2,3,0,0,0,1,0,0,0,0,0,1,1,0,0,0,0,0,0,0,3,0,0,0,3,0,0,0,0,0,11,0,0,1,9,0,1,0,0,0,2,4,0,0,0
91,1,0,0,0,0,0,4,0,0,0,1,0,0,0,0,0,1,0,0,0,0,3,2,2,0,0,0,2,0,0,0,0,0,4,0,0,0,7,0,5,0,2,0,3,5,0,0,0
92,6,1,0,5,0,0,1,0,3,0,0,0,0,0,3,0,0,0,0,0,0,4,2,0,0,0,0,5,0,0,0,1,0,8,0,0,1,8,0,2,0,3,0,0,2,0,1,0
93,1,0,0,4,0,0,0,0,2,0,0,0,0,0,0,0,0,3,0,0,0,1,0,0,0,0,0,1,0,0,0,0,0,10,0,0,0,9,0,5,0,4,0,0,3,0,0,0
94,0,0,0,0,0,0,2,0,0,0,0,0,1,0,0,0,0,0,0,0,0,0,0,0,0,0,0,4,0,0,0,0,0,7,0,0,0,8,0,3,0,0,0,3,4,0,1,0
95,8,0,0,1,0,0,2,0,0,0,2,0,0,0,0,0,0,1,0,0,0,0,3,1,0,0,0,6,0,0,0,0,0,6,0,0,0,8,0,4,0,2,0,5,4,0,1,0
96,9,0,0,2,6,0,1,2,0,0,3,0,0,0,0,0,0,1,0,0,0,1,1,0,0,0,0,5,0,2,1,0,0,5,0,0,0,10,0,3,0,2,0,4,4,0,1,0
97,0,0,0,2,2,0,5,0,1,0,2,0,0,0,1,0,0,0,2,0,0,5,3,1,0,0,0,7,3,0,0,1,0,5,0,1,1,4,0,1,0,2,0,1,1,0,1,0
98,11,2,0,0,0,0,2,1,0,0,2,0,0,0,0,0,0,0,0,0,0,0,1,0,0,0,0,2,2,4,2,2,0,2,0,0,0,6,0,4,1,2,0,3,2,0,0,0
99,9,0,0,1,0,0,2,0,0,0,0,0,1,0,0,0,0,1,0,0,0,4,0,0,0,0,0,4,1,2,0,1,1,3,0,0,0,10,0,1,1,0,0,1,3,0,0,0
100,5,0,0,0,0,0,5,1,2,0,0,0,0,0,0,1,0,1,0,0,0,5,2,1,0,0,0,5,1,1,0,2,0,4,0,1,1,5,0,3,1,0,3,7,0,0,2,0
101,1,0,0,13,0,1,4,1,3,0,0,0,0,0,1,3,0,3,0,1,0,5,0,3,0,0,0,9,0,4,0,2,0,4,0,0,0,7,0,2,0,3,2,0,5,0,0,0
102,3,0,0,4,4,0,0,1,1,0,4,0,0,0,2,0,0,1,0,0,0,8,2,2,0,0,1,5,3,3,0,2,0,5,0,1,3,6,0,6,0,2,1,0,3,0,0,0
103,5,1,1,0,0,1,2,1,1,0,1,0,0,0,0,0,0,0,0,0,0,2,2,1,0,0,0,3,0,0,0,2,1,7,0,0,0,6,0,1,0,2,1,1,5,0,0,0
104,5,0,0,12,0,0,2,0,0,0,0,0,2,0,0,0,0,2,0,0,0,1,0,0,0,0,0,5,0,0,0,0,0,11,0,0,0,11,0,3,0,0,0,5,8,0,1,0
105,4,1,0,2,0,0,3,2,1,0,0,0,0,0,0,0,0,3,0,0,0,2,1,1,0,0,0,6,1,4,0,1,0,2,0,0,0,8,0,3,0,2,0,3,1,0,1,0
106,10,0,0,4,2,0,1,5,1,0,0,0,0,0,0,0,0,0,0,0,0,0,0,0,0,0,0,6,0,0,0,0,0,7,0,0,2,7,0,2,0,2,0,2,1,0,0,0
107,4,0,0,1,2,0,0,1,0,0,0,0,0,0,0,1,0,0,0,0,0,3,3,4,0,0,0,2,0,0,0,0,0,2,0,0,0,9,0,2,0,3,0,1,3,0,0,0
108,6,0,0,2,2,0,4,0,0,0,0,0,0,0,0,0,0,2,0,0,0,4,3,1,0,0,0,7,0,0,0,0,0,9,0,0,1,7,0,3,0,1,0,3,2,0,3,0
109,2,5,1,0,0,0,0,0,0,0,0,0,0,0,1,3,0,0,0,0,0,4,0,3,0,1,0,5,4,0,0,2,1,9,2,0,0,6,0,0,0,1,0,2,0,0,0,10
110,10,0,0,2,2,0,1,0,0,0,1,0,2,0,0,0,0,2,0,0,0,0,5,0,0,0,0,4,0,0,0,0,0,4,0,0,0,7,0,2,1,1,0,2,4,0,0,0
111,7,0,0,1,0,0,2,4,0,0,1,0,0,0,0,0,0,1,0,0,0,2,0,1,0,0,0,1,0,0,0,0,0,10,0,0,0,18,0,0,0,0,0,0,0,0,2,0
112,6,0,0,1,0,0,0,0,0,0,1,0,0,0,2,0,0,3,0,0,0,0,2,1,0,0,0,3,0,0,0,0,0,4,0,0,0,9,0,4,0,3,0,1,1,0,1,0
113,6,0,1,3,0,0,2,0,0,1,0,0,0,0,0,0,0,1,0,0,0,2,1,0,0,0,0,5,0,0,0,0,0,12,0,0,1,7,0,2,0,3,0,0,1,0,0,0
114,7,0,0,4,1,0,0,1,0,0,0,0,0,0,0,0,0,0,0,0,0,2,2,2,0,0,0,9,0,0,0,0,0,12,0,0,0,7,0,2,0,3,0,3,2,0,1,0
115,7,0,0,2,0,0,1,1,0,0,0,0,1,0,0,0,0,1,0,0,0,0,0,3,0,0,0,3,0,0,0,0,0,5,0,0,0,11,0,4,0,1,0,2,2,0,0,0
116,7,0,0,2,0,0,0,1,4,0,0,0,0,0,0,0,0,1,0,0,0,1,0,0,0,0,0,8,0,0,0,0,0,5,0,0,1,9,0,3,0,1,0,5,6,0,0,0
117,6,1,1,5,1,0,0,0,3,0,0,0,0,4,4,0,0,1,0,0,0,8,0,2,0,0,0,3,1,1,1,0,0,8,0,0,2,12,0,4,0,0,0,1,3,0,1,0
118,1,1,0,3,2,0,2,1,1,0,2,0,0,1,0,0,0,0,0,0,0,2,1,3,0,0,0,7,0,1,0,2,0,2,0,1,0,10,0,2,0,0,2,1,1,3,0,0
119,0,0,0,2,1,0,1,5,1,0,1,0,0,0,0,0,0,4,0,0,0,1,6,2,0,0,0,3,0,0,0,0,0,4,0,0,0,10,0,2,1,1,1,1,3,0,4,0
120,2,0,0,1,1,0,1,0,0,0,0,0,0,0,0,0,1,0,0,0,0,0,2,0,0,0,0,7,0,0,0,0,0,7,0,0,0,6,0,1,0,1,0,2,0,0,0,0
121,1,0,0,0,1,0,4,0,0,0,0,0,0,0,0,0,0,1,0,0,0,0,1,2,0,0,0,5,0,2,0,0,0,11,0,0,0,2,0,5,0,1,0,1,4,0,1,0
122,7,0,0,3,0,0,2,0,1,0,0,0,2,0,0,0,0,2,0,0,0,0,0,1,0,0,1,4,0,1,0,1,0,8,0,0,1,11,0,0,0,3,0,1,4,0,0,0
123,4,1,1,5,1,0,1,6,6,0,0,0,0,0,0,0,0,0,0,0,0,1,0,0,0,1,0,3,0,0,2,1,0,12,0,0,1,10,0,3,0,1,0,0,5,0,0,0
124,6,0,0,0,2,0,4,0,1,0,4,0,0,1,0,0,0,0,0,0,0,1,1,0,0,0,0,4,0,0,0,0,0,8,0,2,0,7,0,2,0,0,1,4,0,1,0,0
125,9,0,0,0,0,0,2,1,1,0,0,0,0,0,0,0,0,0,0,0,0,2,0,1,0,1,0,1,1,1,0,1,0,4,0,0,0,8,0,1,0,1,0,3,4,0,1,0
126,7,1,0,0,0,0,2,1,0,0,3,0,0,0,1,1,0,0,0,0,2,1,1,1,0,0,0,2,0,1,0,0,0,5,0,0,0,7,0,4,0,1,0,1,3,0,1,0
127,4,0,0,0,0,0,3,2,0,0,1,0,0,0,1,0,0,0,0,0,0,7,0,1,0,0,0,0,3,0,0,1,0,0,0,0,0,13,0,0,0,2,4,1,4,0,0,0
128,4,0,0,0,0,0,2,2,2,0,2,0,0,0,0,0,0,0,0,0,0,0,2,0,0,0,0,4,0,1,0,0,0,12,0,0,0,7,0,5,0,2,1,4,1,1,2,0
129,0,0,0,0,0,0,3,4,0,1,0,0,0,0,0,1,0,0,0,0,0,4,0,1,0,0,0,3,0,0,0,1,0,5,0,0,0,15,0,2,0,0,0,4,1,0,0,0
130,4,0,0,0,0,0,0,0,1,0,1,0,0,0,0,0,0,0,0,0,0,8,2,1,0,5,0,8,3,1,0,1,0,0,0,0,0,4,0,4,1,6,0,2,2,0,2,0
131,7,0,0,0,0,0,1,4,0,0,0,0,0,0,0,0,0,0,0,0,0,0,1,2,0,0,0,4,0,1,1,0,0,12,0,0,0,6,0,3,0,0,0,3,3,0,2,0
132,6,0,0,0,0,0,1,3,2,0,2,0,0,0,0,0,0,0,0,0,0,0,0,1,0,0,0,4,0,0,0,0,0,8,0,0,0,9,0,3,0,5,0,5,7,0,0,0
133,3,0,0,0,0,0,3,1,1,0,0,0,0,0,0,0,0,1,0,0,0,1,2,1,0,0,0,2,0,0,0,0,1,3,0,0,2,6,0,3,0,2,0,0,8,0,1,0
134,8,2,0,0,0,0,1,3,1,0,0,0,1,0,0,0,0,0,0,0,0,1,2,0,0,0,0,3,0,0,0,0,0,15,0,0,0,11,0,1,0,2,0,4,0,0,1,0
135,7,0,0,4,0,0,2,2,0,0,0,0,0,1,1,0,0,0,0,1,0,4,0,1,0,0,0,4,0,0,1,0,0,6,0,0,0,9,0,1,0,1,2,6,1,0,1,0
136,0,0,0,0,1,5,5,2,3,0,1,0,0,3,0,1,6,0,0,0,1,9,0,4,0,2,0,6,2,1,0,0,0,0,0,1,0,1,0,2,1,3,6,2,1,5,1,0
137,0,1,0,0,0,0,1,0,2,0,1,0,0,1,2,0,4,0,0,0,0,5,3,1,0,0,0,6,1,4,0,2,0,0,0,1,0,4,0,1,1,8,3,0,5,0,2,0
138,0,2,1,0,0,0,3,0,0,0,0,0,0,4,5,0,0,0,0,2,0,13,0,2,2,0,0,1,3,0,0,0,0,1,0,10,0,1,0,1,0,0,5,0,0,8,0,0
139,1,0,0,0,0,0,4,0,0,1,2,0,0,1,0,1,0,0,0,0,0,3,1,0,0,2,0,0,3,0,0,4,0,2,0,0,0,3,0,3,0,2,2,2,2,1,0,0
140,4,0,3,0,0,0,4,0,3,0,0,0,0,2,0,0,0,0,0,0,0,5,0,0,2,0,0,3,3,1,1,0,0,8,0,1,0,7,0,0,0,2,0,3,7,2,0,0
141,3,1,4,2,0,0,0,6,0,0,2,0,0,1,1,0,0,1,0,3,0,3,1,6,0,0,1,0,6,0,0,2,1,2,0,0,1,9,1,4,0,2,3,0,4,0,0,0
142,1,0,0,0,0,0,1,0,0,0,0,0,0,0,0,0,0,0,0,0,1,1,4,1,0,0,0,3,0,1,0,0,1,8,0,0,0,10,0,1,0,1,0,0,2,0,0,0
143,6,0,0,0,0,0,1,3,0,0,0,0,0,0,1,0,0,0,0,0,0,0,0,1,0,0,0,1,0,0,0,0,0,7,0,0,0,10,0,1,0,0,0,0,0,0,0,0
144,2,2,0,0,0,0,0,0,0,0,4,0,0,2,0,0,0,0,0,0,0,5,2,0,0,0,0,4,2,1,0,3,0,2,0,0,0,5,0,3,0,4,6,2,3,2,1,5
145,3,1,0,0,0,1,2,0,4,0,0,0,0,0,1,1,0,0,0,0,1,7,2,3,0,1,0,2,1,1,0,0,0,2,0,4,0,4,0,3,1,3,3,0,3,1,1,0
146,12,0,0,0,0,0,3,2,2,0,1,0,0,0,0,0,0,0,0,0,0,0,0,4,0,0,1,2,0,1,0,1,0,5,0,0,0,8,0,6,0,2,0,3,7,0,0,0
147,8,0,0,0,0,0,0,1,1,0,0,0,0,0,0,0,0,0,0,0,0,0,2,3,0,1,0,4,0,0,0,1,0,6,0,0,0,7,0,8,0,0,0,2,5,0,0,0
148,1,0,0,0,0,0,2,0,0,0,0,0,0,0,0,0,0,0,0,0,0,0,0,2,0,0,0,2,0,0,0,0,0,8,0,1,0,6,0,3,0,3,0,1,4,1,0,0
149,7,0,0,0,1,0,0,0,1,0,1,0,0,0,0,0,0,0,0,0,1,0,0,0,0,0,0,1,0,0,0,0,0,12,0,0,0,7,0,1,0,0,0,1,8,0,0,0
150,5,0,0,1,1,0,2,2,1,0,2,1,0,0,0,0,0,0,0,0,0,1,0,1,0,0,0,5,0,0,0,0,0,8,0,0,0,7,0,3,0,4,0,1,4,0,0,0
151,3,3,1,0,0,0,2,7,0,0,0,0,0,1,2,2,0,0,1,2,2,2,0,4,0,2,1,2,1,2,1,3,0,4,0,0,0,6,0,1,0,2,1,3,1,4,0,0
152,2,1,0,0,1,0,3,1,6,0,0,0,0,2,1,0,0,0,0,0,1,5,2,4,0,0,0,4,0,4,0,1,0,11,0,1,0,4,0,3,0,3,0,3,1,0,0,3
153,8,0,0,0,0,0,1,2,1,0,0,0,0,0,1,0,0,0,0,0,0,2,1,0,0,0,0,1,0,0,0,0,0,7,0,0,0,11,0,1,0,4,0,3,4,0,0,0
154,8,0,1,0,0,0,3,4,4,0,2,0,0,0,1,0,0,0,0,1,1,2,0,2,0,0,2,6,0,0,1,3,1,4,0,0,0,16,0,3,0,2,1,1,7,0,0,0
155,5,2,2,4,0,0,0,2,1,0,0,0,0,1,1,2,0,0,0,3,0,2,1,5,0,1,0,3,6,2,0,2,0,1,0,0,0,8,0,2,0,2,3,2,1,0,3,2
156,3,0,1,0,0,0,2,0,2,0,2,0,0,0,1,0,0,0,0,0,0,3,0,1,0,0,0,4,1,0,0,0,0,8,0,0,0,4,0,2,0,0,0,3,0,0,0,0
157,3,1,0,0,1,0,0,3,3,0,2,0,0,0,0,0,2,0,0,0,0,0,3,1,0,0,0,2,0,0,1,0,0,13,0,0,0,4,0,4,0,4,0,0,5,0,0,1
158,4,2,1,0,0,0,4,1,0,0,0,0,0,0,0,0,1,0,0,0,0,3,0,3,0,0,0,4,0,2,0,0,0,10,0,0,0,5,0,0,0,3,0,4,0,0,2,0
159,9,2,1,0,0,0,0,1,0,0,0,0,0,1,2,0,0,0,0,0,0,4,1,1,0,0,2,1,0,1,0,0,0,6,0,0,0,12,0,0,0,0,0,4,0,0,0,1
160,0,0,0,0,0,0,3,1,1,0,0,0,0,0,0,0,0,0,0,0,1,4,3,1,0,1,0,6,0,0,0,1,0,3,0,0,0,9,0,3,1,2,0,2,1,0,3,0
161,6,0,0,0,0,0,2,3,1,0,1,0,0,0,0,0,0,0,0,0,0,0,2,1,0,0,2,0,0,0,0,0,0,8,0,0,0,9,0,2,0,1,0,3,4,0,3,0
162,1,0,3,0,0,0,2,0,1,0,1,0,0,0,0,0,0,0,0,1,1,4,1,2,0,0,0,0,3,0,0,0,0,1,0,1,0,7,0,1,1,0,1,2,2,0,1,0
163,9,0,0,0,1,0,2,0,0,0,0,0,0,0,1,0,0,1,0,1,2,0,1,2,0,0,0,3,0,0,1,0,0,6,0,0,0,14,0,0,0,2,0,0,3,0,0,0
164,3,0,0,0,0,1,4,2,3,0,5,0,0,0,3,1,1,0,1,0,1,7,0,5,0,0,2,3,2,5,0,0,0,3,0,2,1,4,0,3,0,4,1,3,1,5,1,0
165,2,1,0,0,0,0,2,2,2,0,1,0,0,0,2,1,0,0,0,0,0,5,0,6,0,0,0,9,2,0,0,1,0,6,0,0,0,8,0,1,0,0,0,1,2,0,1,0
166,6,1,2,1,0,0,1,0,0,0,0,0,0,1,0,0,0,2,0,2,0,5,0,0,0,0,0,5,3,2,2,0,0,7,0,0,0,11,0,1,0,2,0,1,5,0,0,1
167,5,0,1,0,0,0,3,2,0,0,0,0,0,0,2,0,0,0,0,0,1,6,0,4,0,1,1,5,1,2,0,0,0,5,0,0,0,4,0,2,0,3,2,2,0,1,1,0
168,2,0,0,6,2,0,0,6,0,0,0,0,0,0,2,1,0,0,0,2,0,4,0,5,0,0,1,1,3,2,1,3,0,1,0,0,0,6,0,0,0,1,5,0,5,0,2,3
169,11,1,0,0,2,2,0,2,4,1,2,0,0,0,0,0,3,0,0,0,0,1,3,3,0,1,0,3,0,2,2,1,0,1,0,0,1,14,0,2,0,4,0,3,12,0,0,0
170,8,0,0,0,0,0,0,1,0,0,0,0,0,0,0,0,1,0,0,0,0,1,0,0,0,1,0,7,0,0,1,0,0,4,0,0,0,8,0,2,0,1,0,4,4,0,1,0
171,10,0,0,0,0,0,1,3,0,0,0,0,0,0,0,0,0,0,0,0,0,0,2,0,0,3,0,0,0,0,0,0,0,9,0,0,0,7,0,2,0,1,0,1,3,0,0,0
172,3,0,0,0,2,0,1,4,1,0,1,0,0,0,0,0,0,0,0,0,0,3,3,4,0,0,0,5,0,0,0,0,0,14,0,0,0,8,0,3,1,2,0,3,6,0,3,0
173,1,0,0,0,0,0,2,1,1,0,2,1,0,3,1,0,0,0,0,0,0,3,0,1,0,0,0,2,7,0,0,1,0,3,0,0,0,9,0,0,0,0,1,0,0,6,0,0
174,1,0,0,0,0,0,4,1,3,0,1,0,0,1,0,0,0,0,0,0,0,0,1,0,0,0,0,6,0,0,0,0,0,12,0,0,0,8,0,3,1,0,0,4,2,0,0,0
175,0,0,0,0,0,0,0,0,0,0,1,1,0,2,0,0,0,0,0,0,0,5,0,2,0,0,0,3,4,0,0,4,0,1,0,1,0,5,0,0,0,0,1,2,1,0,0,0
176,1,1,0,0,1,0,1,5,1,0,1,0,0,0,0,0,1,2,0,0,0,0,4,0,0,0,0,6,0,0,0,0,0,13,0,0,0,11,0,0,1,3,0,1,4,0,0,0
177,6,0,0,0,0,0,0,3,1,0,0,0,0,0,0,0,0,0,0,0,0,3,1,1,0,0,0,7,0,1,0,0,0,10,0,0,0,12,0,7,0,0,1,3,1,0,0,0
178,5,0,0,0,0,0,2,1,1,0,0,0,0,0,0,1,0,0,0,0,0,0,3,0,0,0,0,2,0,0,0,0,0,6,0,0,0,6,0,1,0,3,0,4,7,0,0,0
179,3,0,0,1,1,0,2,2,2,0,0,0,0,0,0,0,0,0,0,0,0,1,5,2,0,0,0,4,0,0,0,0,0,11,0,0,0,10,0,3,0,2,0,2,8,0,1,0
180,0,0,0,0,0,0,1,2,1,0,0,0,0,0,0,0,0,0,0,0,0,5,2,0,0,0,0,6,1,0,0,0,0,5,0,0,0,12,0,3,0,2,0,0,3,0,0,0
181,5,0,0,0,0,0,3,2,2,0,0,0,0,0,0,0,0,0,0,0,0,0,2,1,0,0,0,2,0,0,0,0,0,7,0,0,0,6,0,3,0,0,0,1,7,0,1,0
182,0,0,1,0,0,1,1,1,1,0,1,0,0,1,0,0,0,0,0,0,1,6,1,1,0,0,0,1,3,0,0,0,0,4,0,3,0,2,0,1,0,2,0,0,0,3,1,0
183,3,0,0,0,0,0,0,0,1,0,0,0,0,0,0,0,2,0,0,0,0,1,3,2,0,0,0,2,0,0,0,0,0,14,0,0,0,7,0,0,0,4,0,2,2,0,1,0
184,5,0,0,0,6,0,1,1,3,0,3,0,0,0,0,0,0,1,0,0,0,1,0,0,0,0,0,2,0,0,0,0,0,6,0,0,0,6,0,1,0,1,0,5,5,0,2,0
185,0,0,0,0,0,0,1,1,0,0,1,0,0,5,2,0,0,0,0,4,0,5,0,0,3,0,2,1,5,0,0,1,0,0,0,7,0,2,0,0,0,0,3,0,0,10,1,0
186,0,0,2,0,1,0,0,2,3,0,0,1,0,3,0,0,0,0,0,0,0,5,1,2,0,3,0,5,2,1,0,1,0,0,0,3,0,4,0,2,0,0,4,2,0,3,1,0
187,4,0,0,0,0,0,1,0,0,0,3,0,0,0,0,0,0,0,0,0,0,1,0,0,0,1,0,1,0,0,0,0,0,6,0,0,0,9,0,2,3,0,1,4,5,0,0,0
188,2,0,0,0,0,0,3,1,4,0,3,0,0,0,0,0,0,0,0,0,0,4,2,3,0,0,0,5,0,3,0,0,0,7,0,0,0,9,0,6,1,1,0,3,1,0,0,0
189,0,0,1,0,2,0,4,0,1,0,2,0,0,0,2,0,0,0,0,1,0,8,0,3,0,0,0,9,6,1,0,0,0,5,0,1,0,3,0,4,0,3,1,1,3,6,1,0
190,0,0,1,0,0,0,4,1,3,0,0,0,0,4,2,1,3,0,0,1,1,8,0,2,1,1,0,4,6,0,0,1,0,0,0,8,1,3,0,0,0,3,7,0,0,9,0,0
191,0,0,0,0,0,0,0,0,2,0,0,0,0,0,1,0,0,0,0,0,0,4,0,0,0,0,2,2,3,0,0,0,0,5,0,2,0,5,0,0,0,1,3,1,0,0,0,0
192,0,1,0,0,0,0,2,1,0,0,1,0,0,4,2,0,0,0,0,0,1,7,1,0,4,0,1,7,2,1,0,0,0,5,0,3,0,6,0,0,0,0,1,0,0,1,0,0
193,7,1,0,0,2,0,1,0,1,0,1,0,0,0,0,1,0,3,0,0,0,0,3,0,0,1,0,3,0,0,0,0,0,9,0,0,0,12,0,5,0,3,0,0,2,0,1,0
194,0,1,0,0,0,0,1,1,1,0,0,0,0,2,1,0,0,0,1,1,0,4,0,0,1,0,0,0,1,1,0,2,0,2,0,3,0,2,0,2,0,1,1,0,0,4,0,0
195,3,0,0,0,1,0,2,0,0,0,1,0,0,0,0,0,0,0,0,0,0,0,0,0,0,0,0,5,0,0,0,0,0,8,0,0,0,7,0,2,1,4,0,2,6,0,0,0
196,2,1,0,0,0,0,3,0,2,0,1,0,0,0,1,1,0,1,0,0,0,1,1,2,0,0,0,6,3,5,1,0,0,7,0,0,0,9,0,2,0,1,0,1,1,0,1,0
197,3,0,0,0,0,0,2,5,2,0,1,0,0,0,0,0,1,0,0,0,0,2,2,1,0,0,0,6,0,0,0,1,0,8,0,0,1,10,0,4,0,1,0,1,0,0,3,0
198,9,0,0,0,0,0,1,0,3,0,0,0,0,0,0,0,0,0,0,0,0,1,1,3,0,0,0,5,0,1,0,0,0,11,0,0,0,6,0,4,0,1,0,1,7,0,0,0
199,6,0,0,0,1,0,3,1,4,0,0,0,0,0,1,0,0,3,0,0,0,3,1,1,0,1,0,3,0,0,0,0,0,9,0,0,0,10,0,1,0,2,0,4,0,0,3,0
200,3,0,0,0,0,0,1,5,1,0,1,0,0,0,0,0,0,0,0,0,0,0,2,1,0,1,0,8,0,0,1,0,0,10,0,0,0,11,0,4,0,2,0,2,2,0,2,0
201,4,0,0,0,2,0,1,2,1,0,1,0,0,0,0,0,0,0,0,0,0,1,1,3,0,0,0,5,0,1,0,0,0,15,0,0,0,7,0,5,0,1,0,1,5,0,0,0
202,4,0,0,0,0,0,0,1,2,0,0,0,0,0,0,0,0,2,0,0,0,3,2,1,0,0,0,2,0,3,0,0,0,13,0,0,0,8,0,2,0,1,0,1,0,0,2,0
203,7,0,0,0,1,0,2,3,1,0,0,0,0,0,0,1,0,0,0,0,2,4,4,3,0,1,0,5,0,0,0,0,0,8,0,0,0,9,0,6,0,2,0,2,7,0,0,0
204,8,0,0,0,0,0,0,0,0,0,4,0,0,0,0,0,0,0,0,0,0,0,3,2,0,0,0,3,0,0,0,0,0,2,0,0,0,11,0,2,0,0,0,0,3,0,0,0
205,0,2,0,0,0,0,2,0,0,0,1,0,0,2,1,0,0,0,0,1,0,8,0,0,0,0,0,2,2,0,0,0,0,4,0,4,0,1,0,0,0,0,5,1,0,8,0,0
206,7,0,0,0,1,0,1,1,0,0,1,0,0,0,0,0,0,0,0,0,0,0,3,2,0,0,0,2,0,0,0,0,0,9,0,0,0,10,0,4,0,5,0,1,3,0,1,0
207,0,0,0,0,0,0,2,1,0,0,0,0,0,0,0,0,3,0,0,0,0,3,0,0,0,0,0,4,0,0,0,1,0,0,0,0,0,1,0,1,0,0,0,1,3,0,0,0
208,0,0,0,2,4,0,5,3,1,0,0,1,0,0,0,0,0,3,0,0,0,4,2,1,0,0,1,3,1,0,0,2,0,3,0,1,0,8,0,4,0,1,5,0,9,2,1,0
209,2,0,8,2,0,0,0,6,0,0,0,0,0,3,6,1,4,1,0,7,0,0,0,2,0,0,1,0,2,0,0,2,0,0,0,0,1,6,1,1,1,0,7,0,0,4,1,0
210,2,0,0,0,1,0,2,2,1,0,2,0,0,0,0,0,0,0,0,0,0,5,1,2,0,0,0,4,0,0,0,1,0,3,0,0,0,18,0,1,1,1,2,5,5,0,0,0